{"intents": [
  {
    "tag" : "greetings",
    "patterns" : ["Hello","Hey","Hi","Good Day","Greetings"],
    "responses" : ["Hello!","Hey","What Can I do for you?"]
  },

  {
    "tag" : "Acne",
    "patterns" : ["blackheads","pimples","face pimples","neck pimples","shoulder pimples"],
    "responses" : ["According to your symptoms you might have Acne","You have Acne","I suppose you have Acne"]
  },

  {
    "tag" : "Attention Deficit Disorder (ADHD)",
    "patterns" : ["impulsivity","hyperactivity","lack of focus","messy works","restlessness"],
    "responses" : ["According to your symptoms you might have Attention Deficit Disorder","You have Attention Deficit Disorder","I suppose you have Attention Deficit Disorder"]

  },

  {
    "tag" : "Allergies",
    "patterns" : ["sneezing","itchy eyes","coughing","watery eyes","itchy nose"],
    "responses" : ["According to your symptoms you might have Allergies","You have Allergies","I suppose you have Allergies"]
  },
  {
    "tag" : "Alzheimers",
    "patterns" : ["forgetful","confusion with time","poor judgement"],
    "responses" : ["According to your symptoms you might have Alzheimers","You have Alzheimers","I suppose you have Alzheimers"]
  },
  {
  	"tag" : "Ankylosing Spondylitis",
  	"patterns" : ["loss of appetite","weight loss","difficulty walking","pain in heels","pain in hips","pain in jaw","decreased energy","heart failure","heart block","pain in lower back","stiffness"],
  	"responses" : ["According to your symptoms you might have Ankylosing Spondylitis","You have Ankylosing Spondylitis","I suppose you have Ankylosing Spondylitis"]

  },
  {
  	"tag" : "Anorexia",
  	"patterns" : ["terrifies of gaining weight","hard to sleep through night","dizziness","hair is falling out","constipation","swollen arms","swollen legs","fainting","underweight"],
  	"responses" : ["According to your symptoms you might have Anorexia","You have Anorexia","I suppose you have Anorexia"]
  },
  {
  	"tag" : "Anxiety or Panic Disorder",
  	"patterns" : ["rapid heartbeat","fast heartbeat","sweating","shaking","shortness of breath","fear of death","chest pain","faintness"],
  	"responses" : ["According to your symptoms you might have Anxiety or Panic Disorder","You have Anxiety or Panic Disorder","I suppose you have Panic Disorder"]
  },
  {
  	"tag" : "Arthritis",
  	"patterns" : ["lack of movement","sored area","joint pain"],
  	"responses" : ["According to your symptoms you might have any type of Arthritis","You have any type of Arthritis","I suppose you have any type of Arthritis"]
  },
  {
  	"tag" : "Antitrypsin Deficiency",
  	"patterns" : ["jaundice","yellow skin","coughing up blood","yellow urine"],
  	"responses" : ["According to your symptoms you might have Antitrypsin Deficiency","You have Antitrypsin Deficiency","I suppose you have Antitrypsin Deficiency"]
  },
  {
  	"tag" : "Abdominal Migraine",
  	"patterns" : ["dark shadows under eyes","be pale","have little energy","feeling drowsy","unable to eat"],
  	"responses" : ["According to your symptoms you might have Abdominal Migraine","You have Abdominal Migraine","I suppose you have Abdominal Migraine"]
  },
  {
  	"tag" : "Amyloidosis",
  	"patterns" : ["sudden weight loss","feeling of fullness","shortness of breath","tongue swelling","severe fatigue","severe weakness","irregular heartbeat"],
  	"responses" : ["According to your symptoms you might have Amyloidosis","You have Amyloidosis","I suppose you have Amyloidosis"]

  },
  {
  	"tag" : "Abscessed Tooth",
  	"patterns" : ["trouble swallowing","trouble breathing","bad taste","gum redness","sensitivity","bad odor in mouth"],
  	"responses" : ["According to your symptoms you might have Abscessed Tooth","You have Abscessed Tooth","I suppose you have Abscessed Tooth"]
  },
  {
  	"tag" : "Amenorrhea",
  	"patterns" : ["hair loss","change in vision","hair growth on face","pain in pelvic area"],
  	"responses" : ["According to your symptoms you might have Amenorrhea","You have Amenorrhea","I suppose you have Amenorrhea"]
  },
  {
  	"tag" : "Absence Seizure",
  	"patterns" : ["sudden stop in motion","lip smacking","eyelid fluttering","finger rubbing"],
  	"responses" : ["According to your symptoms you might have Absence Seizure","You have Absence Seizure","I suppose you have Absence Seizure"]
  },
  {
  	"tag" : "Sleep Apnea",
  	"patterns" : ["loud snoring","loud gasping","loud choking","excessive sweating at night"],
  	"responses" : ["According to your symptoms you might have Sleep Apnea","You have Sleep Apnea","I suppose you have Sleep Apnea"]
  },
  {
  	"tag" : "Achalasia",
  	"patterns" : ["food coming back up into the throat","nighttime coughing","heart is burning","hurt is belching"],
  	"responses" : ["According to your symptoms you might have Achalasia","You have Achalasia","I suppose you have Achalasia"]
  },
  {
  	"tag" : "Appendicitis",
  	"patterns" : ["pain in lower belly","pain near navel","belly pain and vomiting","swollen belly","severe cramps","difficulty in peeing","constipation with gas"],
  	"responses" : ["According to your symptoms you might have Appendicitis","You have Appendicitis","I suppose you have Appendicitis"]
  },
  {
  	"tag" : "Aparaxia of Speech",
  	"patterns" : ["unable to form proper words","unable to say complex words","speech inconsistencies","distortion in vowel sounds"],
  	"responses" : ["According to your symptoms you might have Aparaxia of Speech","You have Aparaxia of Speech","I suppose you have Aparaxia of Speech"]
  },
  {
    "tag" : "Arachnoiditis",
    "patterns" : ["weakness in the legs","numbness in legs","ringing in ears","bladder problems"],
    "responses" : ["According to your symptoms you are suffering from Arachnoiditis","You have Arachnoiditis","I suppose you have Arachnoiditis"]
  },
  {
    "tag" : "Acute Respiratory Distress Syndrome (ARDS)",
    "patterns" : ["shortness of breath","low blood pressure","fast breathing","fast heartbeat","exhaustion","blue tinted lips","blue tinted nails"],
    "responses" : ["According to your symptoms you are suffering from Acute Respiratory Distress Syndrome (ARDS)","You have Acute Respiratory Distress Syndrome (ARDS)","I suppose you have Acute Respiratory Distress Syndrome (ARDS)"]
  },
  {
    "tag" : "Anemia",
    "patterns" : ["fatigue","weakness","pale skin","yellowish skin","shortness of breath","cold hands","cold feet"],
    "responses" : ["According to your symptoms you are suffering from Anemia","You have Anemia","I suppose you have Anemia"]
  },
  {
    "tag" : "Arrhythmia",
    "patterns" : ["palpitations","chest pounding","breath shortness","blurry vision","anxiety"],
    "responses" : ["According to your symptoms you might have Arrhythmia","You have Arrhythmia","I suppose you have Arrhythmia"]
  },
  {
    "tag" : "Asthma",
    "patterns" : ["coughing at night","wheezing","chest pain","frequent cough","feeling tired","easily upset","trouble in sleeping","pale face","sweaty face"],
    "responses" : ["According to your symptoms you might have Asthma","You have Asthma","I suppose you have Asthma"]
  },
  {
    "tag" : "Autism",
    "patterns" : ["delayed language","delayed learning","delayed movement","unusual mood","unusual eating habits","unusual sleeping habits","no facial expression"],
    "responses" : ["According to your symptoms you might have Autism","You have Autism","I suppose you have Autism"]
  },
  {
    "tag" : "Blepharitis",
    "patterns" : ["feels like something in the eye","a burning feeling in the eye","blurry vision","sensitivity to light","dry eyes","red eyes","watery eyes"],
    "responses" : ["According to your symptoms you might have Blepharitis","You have Blepharitis","I suppose you have Blepharitis"]
  },
  {
    "tag" : "Bacterial Arthritis",
    "patterns" : ["having chills","unable to move the limb with the infected joint","Severe pain in the affected joint"],
    "responses" : ["According to your symptoms you might have Bacterial Arthritis","You have Bacterial Arthritis","I suppose you have Backterial Arthritis"]
  },
  {
    "tag" : "Bacterial Meningitis",
    "patterns" : ["feeling confused","numbness in my face","neck is stiff","hard time concentrating","seizures","lack of appetite"],
    "responses" : ["According to your symptoms you might have Bacterial Meningitis","You have Meningitis","I suppose you have Meningitis"]
  },
  {
    "tag" : "Benign Prostate Enlargement(BPE)",
    "patterns" : ["makes it difficult o urinate","need to urinate frequently","wake up frequently in the night to urinate","difficulty in passing urine"],
    "responses" : ["According to your symptoms you might have Benign Prostate Enlargement Disease","You have Benign Prostate Enlargement Disease","I suppose you have Benign Prostate Enlargement Disease"]
  },
  {
    "tag" : "Bipolar Disorder",
    "patterns" : ["feeling depressed","lacking energy","loss of interest","feeling worthless","being pessimistic about everything","being delusional","suicidal thoughts","feeling full of energy","easily irritated"],
    "responses" : ["According to your symptoms you might have Bipolar Disorder Disease","You have Bipolar Disorder Disease","I suppose you have Bipolar Disorder Disease"]
  },
  {
  	"tag" : "Bronchiectasis",
  	"patterns" : ["persistent cough with large amount of phlegm","coughing up blood","coughing up blood-stained phlegm"],
  	"responses" : ["According to your symptoms you might have Bronchiectasis Disease","You have Bronchiectasis Disease","I suppose you have Bronchiectasis Disease"]

  },
  {
  	"tag" : "Bronchitis",
  	"patterns" : ["blocked nose","runny or blocked nose","tiredness","cough with phlegm","cough with yellow gray phlegm"],
  	"responses" : ["According to your symptoms you might have Bronchitis Disease","You have Bronchitis Disease","I suppose you have Bronchitis Disease"]
  },
  {
  	"tag" : "Bulimia",
  	"patterns" : ["over eating","think about food all time","overeats","focus in body image"],
  	"responses" : ["According to your symptoms you might have Bulimia Disease","You have Bulimia Disease","I suppose you have Bulimia Disease"]
  },
  {
  	"tag" : "Catarrh",
  	"patterns" : ["constantly need to clear throat","blocked or stuffy nose can't clear","throat blocked","reduced sense of smell","reduced sense of taste","temporary hearing loss"],
  	"responses" : ["According to your symptoms you might have Catarrh Disease","You have Catarrh Disease","I suppose you have Catarrh Disease"]
  },
  {
  	"tag" : "Cellulitis",
  	"patterns" : ["red skin","hot skin","swollen skin","tender skin"],
  	"responses" : ["According to your symptoms you might have Cellulitis Disease","You have Cellulitis Disease","I suppose you have Cellulitis Disease"]
  },
  {
  	"tag" : "Chest Infection",
  	"patterns" : ["rapid heart beat","chest tightness","feeling confused"],
  	"responses" : ["According to your symptoms you might have Chest Infection","You have Chest Infection","I suppose you have Chest Infection"]
  },
  {
    "tag" : "Chest Pain",
    "patterns" : ["chest feels heavy","chest feels tight","pain in chest and arms back and jaw","breathlessness"],
    "responses" : ["According to your symptoms you might have Chest Pain","You have Chest Pain","I suppose you have Chest Pain"]
  },
  {
    "tag" : "Chronic Fatigue Syndrome",
    "patterns" : ["sleep disturbance","poor temperature control","dizziness","hyper sensitive to light","hyper sensitive to sound","speech problem","language problem","problem with concentration","problem with thinking"],
    "responses" : ["According to your symptoms you might have Chronic Fatigue Syndrome","You have Chronic Fatigue Syndrome","I suppose you have Chronic Fatigue Syndrome"]
  },
  {
    "tag" : "Common Cold",
    "patterns" : ["sore throat","sneezing","coughing","hoarse voice","headache","ear ache","blocked nose","runny nose"],
    "responses" : ["According to your symptoms you might have Common Cold","You have Common Cold","I suppose you have Common Cold"]
  },
  {
    "tag" : "Conjunctivitis",
    "patterns" : ["eye redness","burning sensation in eyes","sticky coating on eye lashes","disturbed vision","intense red in eyes"],
    "responses" : ["According to your symptoms you might have Conjunctivitis","You have Conjunctivitis","I suppose you have Conjunctivitis"]
  },
  {
    "tag" : "Dehydration",
    "patterns" : ["light-headedness","tiredness","dry mouth","dry lips","infrequent urine"],
    "responses" : ["According to your symptoms you might have Dehydration","You have Dehydration","I suppose you have Dehydration"]
  },
  {
    "tag" : "Dental Abscess",
    "patterns" : ["intense pain in tooth","intense pain in gum","tooth pain spreads to ear jaw and neck","tender tooth","discoloured tooth","bad breath","sensitive to hot and cold"],
    "responses" : ["According to your symptoms you might have Dental Abscess","You have Dental Abscess","I suppose you have Dental Abscess"]
  },
  {
    "tag" : "Depression",
    "patterns" : ["continuous sadness","mood off","losing interest in things","losing motivation","feeling anxious","feeling guilty","feeling helpless","feeling hopeless","low self esteem","speaking slower than usual","feeling worried"],
    "responses" : ["According to your symptoms you might have Depression","You have Depression","I suppose you have Depression"]
  },
  {
    "tag" : "Diabetes",
    "patterns" : ["feeling very thirsty","loss of muscle bulk","feeling very tired","wounds heal slowly"],
    "responses" : ["According to your symptoms you might have Diabetes","You have Diabetes","I suppose you have Diabetes"]
  },
  {
    "tag" : "Diarrhoea",
    "patterns" : ["stomach cramps","pale skin","cold hands","cold feet","feeling drowsy","rapid heartbeat"],
    "responses" : ["According to your symptoms you might have Diarrhoea","You have Diarrhoea","I suppose you have Diarrhoea"]
  },
  {
    "tag" : "Dystonia",
    "patterns" : ["muscle spasms","abnormal posture","twisted posture","foot turning inwards","body parts jerking rapidly"],
    "responses" : ["According to your symptoms you might have Dystonia","You have Dystonia","I suppose you have Dystonia"]
  },
  {
    "tag" : "Epilepsy",
    "patterns" : ["experienced the events before","unusual smell or taste","tingling sensation in arms and legs","sudden feeling of fear or joy"],
    "responses" : ["According to your symptoms you might have Epilepsy","You have Epilepsy","I suppose you have Epilepsy"]
  },
  {
    "tag" : "Escherichia Coli",
    "patterns" : ["diarrhoea","stomach cramps","occasionally fever"],
    "responses" : ["According to your symptoms you might have Escherichia Coli","You have Escherichia Coli","I suppose you have Escherichia Coli"]
  },
  {
    "tag" : "Flu",
    "patterns" : ["sudden fever","dry cough","chesty cough","chills","aching muscles","sore throat"],
    "responses" : ["According to your symptoms you might have Flu","You have Flu","I suppose you have Flu"]
  },
  {
    "tag" : "Fetal alcohol spectrum disorder",
    "patterns" : ["hyperactivity","impulsivity","sensory difficulties","attention deficiency"],
    "responses" : ["According to your symptoms you might have Fetal alcohol spectrum disorder","You have Fetal alcohol spectrum disorder","I suppose you have Fetal alcohol spectrum disorder"]
  },
  {
    "tag" : "Food poisoning",
    "patterns" : ["nausea","diarrhoea","abdominal pain","chills","aching muscles","fever","stomach cramps","vomiting"],
    "responses" : ["According to your symptoms you might have Food poisoning","You have Food poisoning","I suppose you have Food poisoning"]
  },
  {
    "tag" : "Fungal nail infection",
    "patterns" : ["discolouration of the nail","brittle nails","crumbly nails","distorted nails"],
    "responses" : ["According to your symptoms you might have Fungal nail infection","You have Fungal nail infection","I suppose you have Fungal nail infection"]
  },
  {
    "tag" : "Gallbladder cancer",
    "patterns" : ["abdominal pain","stomach pain","jaundice","loss of appetite","swollen stomach","weight loss"],
    "responses" : ["According to your symptoms you might have Gallbladder cancer","You have Gallbladder cancer","I suppose you have Gallbladder cancer"]
  },
  {
    "tag" : "Gallstones",
    "patterns" : ["jaundice","persistent abdominal pain","fever"],
    "responses" : ["According to your symptoms you might have Gallstones","You have Gallstones","I suppose you have Gallstones"]
  },
  {
    "tag" : "Ganglion cyst",
    "patterns" : ["joint pain","cysts in wrist","swelling"],
    "responses" : ["According to your symptoms you might have Ganglion cyst","You have Ganglion cyst","I suppose you have Ganglion cyst"]
  },
  {
    "tag" : "Gastroenteritis",
    "patterns" : ["diarrhoea","vomiting","mild fever","aching limbs","headache","upset stomach","loss of appetite"],
    "responses" : ["According to your symptoms you might have Gastroenteritis","You have Gastroenteritis","I suppose you have Gastroenteritis"]
  },
  {
    "tag" : "Gastro-oesophageal reflux disease (GORD)",
    "patterns" : ["heartburn","bad breath","belching","acid reflux","pain when swallowing"],
    "responses" : ["According to your symptoms you might have Gastro-oesophageal reflux disease (GORD)","You have Gastro-oesophageal reflux disease (GORD)","I suppose you have Gastro-oesophageal reflux disease (GORD)"]
  },
  {
    "tag" : "Genital herpes",
    "patterns" : ["pain peeing","genital pain","swelling in groin","blisters","vaginal discharge","rectal pain"],
    "responses" : ["According to your symptoms you might have Genital herpes","You have Genital herpes","I suppose you have Genital herpes"]
  },
  {
    "tag" : "Genital warts",
    "patterns" : ["lumps around genitals","warts","vaginal outgrowth","lumps around penis"],
    "responses" : ["According to your symptoms you might have Genital warts","You have Genital warts","I suppose you have Genital warts"]
  },
  {
    "tag" : "Germ cell tumours",
    "patterns" : ["lump","olk-sac tumours"],
    "responses" : ["According to your symptoms you might have Germ cell tumours","You have Germ cell tumours","I suppose you have Germ cell tumours"]
  },
  {
    "tag" : "Glandular fever",
    "patterns" : ["fever","swollen glands","sore throat","fatigue","extreme tiredness"],
    "responses" : ["According to your symptoms you might have Glandular fever","You have Glandular fever","I suppose you have Glandular fever"]
  },
  {
    "tag" : "Gonorrhoea",
    "patterns" : ["pain while urinating","pain in lower abdomen","bleeding after sex","swelling of the testicles","yellow fluid discharge","increased vaginal discharge"],
    "responses" : ["According to your symptoms you might have Gonorrhoea","You have Gonorrhoea","I suppose you have Gonorrhoea"]
  },
  {
    "tag" : "Gout",
    "patterns" : ["joint pain","shiny skin over joints","swelling of joints","tender joints"],
    "responses" : ["According to your symptoms you might have Gout","You have Gout","I suppose you have Gout"]
  },
  {
    "tag" : "Gum disease",
    "patterns" : ["bad breath","bleeding in gums","swelling in gums","sore gums","bleeding while brushing"],
    "responses" : ["According to your symptoms you might have Gum disease","You have Gum disease","I suppose you have Gum disease"]
  },
  {
    "tag" : "Haemorrhoids (piles)",
    "patterns" : ["mucus discharge after passing a stool","itchy bottom","bleeding after defecating","soreness in anus","swelling around anus","redness around anus"],
    "responses" : ["According to your symptoms you might have Haemorrhoids (piles)","You have Haemorrhoids (piles)","I suppose you have Haemorrhoids (piles)"]
  },
  {
    "tag" : "Hand, foot and mouth disease",
    "patterns" : ["coughing","sore throat","sore mouth","loss of appetite","fever","abdominal pain","mouth ulcers","blisters","spotty rash"],
    "responses" : ["According to your symptoms you might have Hand, foot and mouth disease","You have Hand, foot and mouth disease","I suppose you have Hand, foot and mouth disease"]
  },
  {
    "tag" : "Hay fever",
    "patterns" : ["sneezing","itchy eyes","runny nose"],
    "responses" : ["According to your symptoms you might have Hay fever","You have Hay fever","I suppose you have Hay fever"]
  },
  {
    "tag" : "Head and neck cancer",
    "patterns" : ["persistent mouth ulcers","lump in mouth","persistent hoarseness","a persistent cough","lump or swelling in neck","shortness of breath","noisy breathing","difficulty or pain when swallowing","numbness in face","drooping on one side of face","nosebleeds","a persistent blocked nose","decreased sense of smell","hearing loss"],
    "responses" : ["According to your symptoms you might have Head and neck cancer","You have Head and neck cancer","I suppose you have Head and neck cancer"]
  },
  {
    "tag" : "Head lice and nits",
    "patterns" : ["itchy scalp","rash on the back of the neck","small white eggs or nits in the hair"],
    "responses" : ["According to your symptoms you might have Head lice and nits","You have Head lice and nits","I suppose you have Head lice and nits"]
  },
  {
    "tag" : "Headaches",
    "patterns" : ["stress","dehydration","nausea","vomiting","ncreased sensitivity to light or sound","watering or red eye","blocked or runny nose"],
    "responses" : ["According to your symptoms you might have Headaches","You have Headaches","I suppose you have Headaches"]
  },
  {
    "tag" : "Hearing loss",
    "patterns" : ["difficulty hearing","misunderstanding other people","asking people to repeat themselves"],
    "responses" : ["According to your symptoms you might have Hearing loss","You have Hearing loss","I suppose you have Hearing loss"]
  },
  {
    "tag" : "Heart failure",
    "patterns" : ["breathlessness","tiredness and lethargy","leg swelling","loss of appetite"],
    "responses" : ["According to your symptoms you might have Heart failure","You have Heart failure","I suppose you have Heart failure"]
  },
  {
    "tag" : "Hepatitis A",
    "patterns" : ["joint and muscle pain","fever","loss of appetite","itchy skin","dark urine","pale stools","jaundice","tiredness"],
    "responses" : ["According to your symptoms you might have Hepatitis A","You have Hepatitis A","I suppose you have Hepatitis A"]
  },
  {
    "tag" : "Hepatitis B",
    "patterns" : ["loss of appetite","diarrhoea","abdominal pain","tiredness","fever","flu"],
    "responses" : ["According to your symptoms you might have Hepatitis B","You have Hepatitis B","I suppose you have Hepatitis B"]
  },
  {
    "tag" : "Hepatitis C",
    "patterns" : ["tiredness","flu","loss of appetite","abdominal pain","muscle ache","fever"],
    "responses" : ["According to your symptoms you might have Hepatitis C","You have Hepatitis C","I suppose you have Hepatitis C"]
  },
  {
    "tag" : "Hiatus hernia",
    "patterns" : ["weak diaphragm","pressure on abdomen","leaking stomach acid","scarring on stomach"],
    "responses" : ["According to your symptoms you might have Hiatus hernia","You have Hiatus hernia","I suppose you have Hiatus hernia"]
  },
  {
    "tag" : "High cholesterol",
    "patterns" : ["overweight","high blood pressure","diabetes","stroke","heart attack"],
    "responses" : ["According to your symptoms you might have High cholesterol","You have High cholesterol","I suppose you have High cholesterol"]
  },
  {
    "tag" : "HIV",
    "patterns" : ["fever","swollen glands","rash","upset stomach","headache","muscle pain","joint pain"],
    "responses" : ["According to your symptoms you might have HIV","You have HIV","I suppose you have HIV"]
  },
  {
    "tag" : "Huntington's disease",
    "patterns" : ["problem in movement","problem in cognition","mood swings","personality changes","irritability",""],
    "responses" : ["According to your symptoms you might have Huntington's disease","You have Huntington's disease","I suppose you have Huntington's disease","fidgety movements"]
  },
  {
    "tag" : "Hyperglycaemia (high blood sugar)",
    "patterns" : ["increased thirst","dry mouth","tiredness","blurred vision","unintentional weight loss","skin infection","thrush","recurrent infections","bladder infections","frequent urge to urinate"],
    "responses" : ["According to your symptoms you might have Hyperglycaemia (high blood sugar)","You have Hyperglycaemia (high blood sugar)","I suppose you have Hyperglycaemia (high blood sugar)"]
  },
  {
    "tag" : "Hyperhidrosis",
    "patterns" : ["excessive sweating","socially withdrawn","swelling in armpits","swelling in palms","swelling in groin","swelling in soles","swelling in face and chest"],
    "responses" : ["According to your symptoms you might have Hyperhidrosis","You have Hyperhidrosis","I suppose you have Hyperhidrosis"]
  },
  {
    "tag" : "Hypoglycaemia (low blood sugar)",
    "patterns" : ["hunger","trembling","shakiness","sweating","difficulty concentrating","disturbed sleep","confused upon waking"],
    "responses" : ["According to your symptoms you might have Hypoglycaemia (low blood sugar)","You have Hypoglycaemia (low blood sugar)","I suppose you have Hypoglycaemia (low blood sugar)"]
  },
  {
    "tag" : "Idiopathic pulmonary fibrosis",
    "patterns" : ["shortness of breath","tiredness","persistent dry cough","loss of appetite","loss of weight","swollen fingertips","clubbed fingers"],
    "responses" : ["According to your symptoms you might have Idiopathic pulmonary fibrosis","You have Idiopathic pulmonary fibrosis","I suppose you have Idiopathic pulmonary fibrosis"]
  },
  {
    "tag" : "Impetigo",
    "patterns" : ["red sores around nose","fever"," swollen glands","blisters"],
    "responses" : ["According to your symptoms you might have Impetigo","You have Impetigo","I suppose you have Impetigo"]
  },
  {
    "tag" : "Indigestion",
    "patterns" : ["bloatedness","belching","regurgitation","nausea","feeling full"],
    "responses" : ["According to your symptoms you might have Indigestion","You have Indigestion","I suppose you have Indigestion"]
  },
  {
    "tag" : "Ingrown toenail",
    "patterns" : ["inflammation in toe","yellow pus from toe","oedema","curling of nail"],
    "responses" : ["According to your symptoms you might have Ingrown toenail","You have Ingrown toenail","I suppose you have Ingrown toenail"]
  },
  {
    "tag" : "Inherited heart conditions",
    "patterns" : ["palpitations","fainting","blackouts"],
    "responses" : ["According to your symptoms you might have Inherited heart conditions","You have Inherited heart conditions","I suppose you have Inherited heart conditions"]
  },
  {
    "tag" : "Insomnia",
    "patterns" : ["difficulty in sleeping","awake for long periods","not feeling refreshed after waking","difficulty napping","difficulty concentrating","irritable"],
    "responses" : ["According to your symptoms you might have Insomnia","You have Insomnia","I suppose you have Insomnia"]
  },
  {
    "tag" : "Iron deficiency anaemia",
    "patterns" : ["tiredness","lethargy","lack of energy","shortness of breath","pale complexion","heart palpitations","headache","feeling itchy","difficulty swallowing","abnormally smooth tongue","hair loss"],
    "responses" : ["According to your symptoms you might have Iron deficiency anaemia","You have Iron deficiency anaemia","I suppose you have Iron deficiency anaemia"]
  },
  {
    "tag" : "Irritable bowel syndrome (IBS)",
    "patterns" : ["abdominal pain","diarrhoea","constipation","bloating","excessive flatulence","lethargy","heartburn","cramping"],
    "responses" : ["According to your symptoms you might have Irritable bowel syndrome (IBS)","You have Irritable bowel syndrome (IBS)","I suppose you have Irritable bowel syndrome (IBS)"]
  },
  {
    "tag" : "Irritable hip",
    "patterns" : ["slightly higher temperature","pain in the knee","thigh pain","estricted movement in hip joints","limping","hip pain"],
    "responses" : ["According to your symptoms you might have Irritable hip","You have Irritable hip","I suppose you have Irritable hip"]
  },
  {
    "tag" : "Itching",
    "patterns" : ["Redness","leathery or scaly patches","scratch marks","blisters","cracked skin","itchy skin","itchness all over body","dry skin","persistent itch"],
    "responses" : ["According to your symptoms you might have Itching","You have Itching","I suppose you have Itching"]
  },
  {
    "tag" : "Itchy bottom",
    "patterns" : ["persistent anal itch","anal bleeding","stool leakage","severe rectal itch","itchness in  bottom"],
    "responses" : ["According to your symptoms you might have Itchy bottom","You have Itchy bottom","I suppose you have Itchy bottom"]
  },
  {
    "tag" : "Kaposi's sarcoma",
    "patterns" : ["uncomfortable swelling","nausea","vomiting","","coughing up blood","chest pain","stomach pain"],
    "responses" : ["According to your symptoms you might have Kaposi's sarcoma","You have Kaposi's sarcoma","I suppose you have Kaposi's sarcoma"]
  },
  {
    "tag" : "Kidney infection",
    "patterns" : ["pus in kidney","shivering","pain in the back","painful urination","fever"],
    "responses" : ["According to your symptoms you might have Kidney infection","You have Kidney infection","I suppose you have Kidney infection"]
  },
  {
    "tag" : "Kidney stones",
    "patterns" : ["persistent ache in lower back","periods of intense pain","nausea","pain while urination","blood in urine","gfrequent urge to urinate","restlessness"],
    "responses" : ["According to your symptoms you might have Kidney stones","You have Kidney stones","I suppose you have Kidney stones"]
  },

  {
  	"tag" : "Unknown",
  	"patterns" : [],
  	"responses" : ["Sorry I didn't understand what you said","Sorry I didn't catch that","Sorry I can't recognize you , Please try again"]
  },
  {
    "tag" : "Goodbye",
    "patterns" : ["Thank You, Goodbye","See you","Bye","goodbye"],
    "responses"  : ["Have a Nice day","Thank You to you too","Talk to you later!","GoodBye!"]
  }
]
}